<?xml version="1.0"?>
<rtde_config>
	<recipe key="state">
		<field name="target_q" type="VECTOR6D"/>
		<field name="target_qd" type="VECTOR6D"/>
		<field name="output_int_register_0" type="INT32"/>
		<field name="input_double_register_0" type="DOUBLE"/>
		<field name="input_double_register_1" type="DOUBLE"/>
		<field name="input_double_register_2" type="DOUBLE"/>
		<field name="input_double_register_3" type="DOUBLE"/>
		<field name="input_double_register_4" type="DOUBLE"/>
		<field name="input_double_register_5" type="DOUBLE"/>
	</recipe>

	<recipe key="setp">
		<field name="input_double_register_0" type="DOUBLE"/>
		<field name="input_double_register_1" type="DOUBLE"/>
		<field name="input_double_register_2" type="DOUBLE"/>
		<field name="input_double_register_3" type="DOUBLE"/>
		<field name="input_double_register_4" type="DOUBLE"/>
		<field name="input_double_register_5" type="DOUBLE"/>
	</recipe>

	<recipe key="watchdog">
		<field name="input_int_register_0" type="INT32"/>
	</recipe>
</rtde_config>